-- ========================================
-- 초기 데이터
-- ========================================

-- 카테고리 초기 데이터
INSERT INTO category (category_name) VALUES 
('스킨케어'),
('메이크업/선케어'),
('클렌징케어');

-- 관리자 계정 (비밀번호: 1234 - 실제로는 암호화 필요)
INSERT INTO mem (mem_id, mem_pw, mem_name, mem_postal, mem_email, mem_roll, mem_phone) VALUES 
('admin', '1234', '관리자', '12423', 'admin@onetouch.com', 'admin', '010-1234-1123');

INSERT INTO mem (mem_id, mem_pw, mem_name, mem_postal, mem_email, mem_roll, mem_phone) VALUES 
('user1', '1234', '김유저', '12423', 'user1@onetouch.com', 'user', '010-1234-1123');

-- 해시태그 초기데이터
INSERT INTO hashtag (hashtag_name) VALUES
('지성'),('복합성'),('건성'),('민감성'),('저항성'),('색소성'),('비색소성'),('주름성'),('탄력성'),('밝은톤'),('중간톤'),('어두운톤');

-----------------------------------------------------------------------------------------------------
--해시 추가데이터 11/26 추가
-----------------------------------------------------------------------------------------------------
INSERT INTO hashtag (hashtag_name) VALUES

('무기자차'), ('순한선크림'), ('민감선케어'),
('수분선크림'), ('백탁없는선크림'), ('자작나무'),
('미세먼지차단'), ('산뜻한선크림'), ('안티폴루션'),
('남자순한선크림'), ('마일드선크림'), ('저자극선케어'),
('남자톤업'), ('티안나는메이크업'), ('톤업로션'),
('남자비비'), ('비비로션'), ('간편커버'),
('남자파데'), ('스틱파운데이션'), ('커버력좋은'),
('남자쿠션'), ('남성파데'), ('빠른화장'),
('보송한쿠션'), ('헤라옴므'), ('남성쿠션'),
('진정선크림'),('쿨링선케어'),('남자데일리선크림'),


('딥클렌징 '),('쫀쫀거품'),('피지제거'),
('촉촉한클렌징'), ('그린티'), ('데일리클렌징'),
('클렌징오일'), ('블랙헤드제거'), ('남자딥클렌징'),
('클렌징워터'), ('노워시클렌징'), ('순한세안'),
('여드름클렌징'), ('트러블케어'), ('폼워시'),
('클렌징젤'), ('피지조절'), ('지성피부'),
('탄산수클렌징'), ('모공클렌징'), ('딥클렌징폼'),
('남자각질제거'), ('필링젤'), ('마일드필링'),
('클렌징폼'), ('건성클렌징'), ('남자보습세안'),
('모공흡착'), ('화산송이'), ('강력세정');



INSERT INTO hashtag (hashtag_name) VALUES
SELECT LAST_INSERT_ID();
-- product_hashtag sample data
INSERT INTO product_hashtag (product_idx, hashtag_idx) VALUES
(1, 1), (1, 4), (1, 6);
INSERT INTO product_hashtag (product_idx, hashtag_idx) VALUES
(2, 3), (2, 7), (2, 9); 
-- 25.11.18 추가
INSERT INTO product_hashtag (product_idx, hashtag_idx) VALUES
(3, 1), (3, 2), (3, 7);
INSERT INTO product_hashtag (product_idx, hashtag_idx) VALUES
(4, 3), (4, 8), (4, 9);
INSERT INTO product_hashtag (product_idx, hashtag_idx) VALUES
(5, 1), (5, 5), (5, 6);
INSERT INTO product_hashtag (product_idx, hashtag_idx) VALUES
(6, 2), (6, 4), (6, 7);
INSERT INTO product_hashtag (product_idx, hashtag_idx) VALUES
(7, 3), (7, 2), (7, 7);
INSERT INTO product_hashtag (product_idx, hashtag_idx) VALUES
(8, 4), (8, 5), (8, 7);
INSERT INTO product_hashtag (product_idx, hashtag_idx) VALUES
(9, 1), (9, 2), (9, 9);
INSERT INTO product_hashtag (product_idx, hashtag_idx) VALUES
(10, 3), (10, 8), (10, 9);

-----------------------------------------------------------------------------------------------------
--해시 추가데이터 11/26 추가  위에꺼 삽입하고 해야 실행됨
-----------------------------------------------------------------------------------------------------
INSERT INTO product_hashtag (product_idx, hashtag_idx) VALUES

(11, 13), (11, 14), (11, 15),

(12, 16), (12, 17), (12, 18),

(13, 19), (13, 20), (13, 21),

(14, 22), (14, 23), (14, 24),

(15, 25), (15, 26), (15, 27),

(16, 28), (16, 29), (16, 30),

(17, 31), (17, 32), (17, 33),

(18, 34), (18, 35), (18, 36),

(19, 37), (19, 38), (19, 39),

(20, 40), (20, 41), (20, 42),

(21, 43), (21, 44), (21, 45),

(22, 46), (22, 47), (22, 48),

(23, 49), (23, 50), (23, 51),

(24, 52), (24, 53), (24, 54),

(25, 55), (25, 56), (25, 57),

(26, 58), (26, 59), (26, 60),

(27, 61), (27, 62), (27, 63),

(28, 64), (28, 65), (28, 66),

(29, 67), (29, 68), (29, 69),

(30, 70), (30, 71), (30, 72);
-----------------------------------------------------------------------------------------------------
--해시 추가데이터 11/26 추가
-----------------------------------------------------------------------------------------------------


--=============================================================================================================
-- 상품 초기 데이터
--=============================================================================================================



-- 30개 상품 INSERT
DROP TABLE IF EXISTS product_image;

--product dummy_file

INSERT INTO product
(category_idx, product_wishlist, product_price, product_name, product_brand, product_comment, product_cnt, product_time, product_update)
VALUES
(1, 0, 14900, '스네일92 베리어 크림', 'COSRX', NULL, 52, NOW(), NOW()),
(1, 0, 12000, '인삼 수분 영양 토너', '조선미녀', NULL, 65, NOW(), NOW()),
(1, 0, 18900, '비피다 톤업 미백 크림', 'APLB', NULL, 38, NOW(), NOW()),
(1, 0, 15500, '올인원 데일리 모이스처라이저', '우르오스', NULL, 70, NOW(), NOW()),
(1, 0, 33000, '아쿠아파워 수분 폭탄 젤', '비오템', NULL, 41, NOW(), NOW()),
(1, 0, 21000, '저속노화 올인원 크림', '포엘리에', NULL, 29, NOW(), NOW()),
(1, 0, 27000, '블루에너지 수분 에센스', '라네즈옴므', NULL, 75, NOW(), NOW()),
(1, 0, 16000, '시카 진정 토너', '라로슈포제', NULL, 48, NOW(), NOW()),
(1, 0, 14000, '당근 진정 쿨링 패드', '스킨푸드', NULL, 85, NOW(), NOW()),
(1, 0, 11500, '데일리 바디&페이스 로션', '더마비', NULL, 91, NOW(), NOW()),

(2, 0, 17000, '그린마일드 무기자차', '닥터지', NULL, 60, NOW(), NOW()),
(2, 0, 15000, '자작나무 수분 선크림', '라운드랩', NULL, 80, NOW(), NOW()),
(2, 0, 18000, '안티폴루션 미세먼지 차단 선', '듀이트리', NULL, 45, NOW(), NOW()),
(2, 0, 16000, '레미디 마일드 무기자차', '유이크', NULL, 30, NOW(), NOW()),
(2, 0, 22000, '베러톤 톤업 크림', '아이디얼포맨', NULL, 52, NOW(), NOW()),
(2, 0, 19000, '아쿠아 비비 로션', '다슈', NULL, 88, NOW(), NOW()),
(2, 0, 25000, '커버 스틱 파운데이션', '오브제', NULL, 34, NOW(), NOW()),
(2, 0, 28000, '블루쿠션 톤 보정', '비레디', NULL, 76, NOW(), NOW()),
(2, 0, 33000, '옴므 블랙 쿠션', '헤라옴므', NULL, 50, NOW(), NOW()),
(2, 0, 17000, '카밍 진정 선크림', '메이크프렘', NULL, 92, NOW(), NOW()),

(3, 0, 9000, '퍼펙트휩 딥클렌징 폼', '센카', NULL, 90, NOW(), NOW()),
(3, 0, 8500, '그린티 촉촉 약산성 폼', '이니스프리', NULL, 73, NOW(), NOW()),
(3, 0, 7500, '블랙헤드 클렌징 폼', '해피바스', NULL, 65, NOW(), NOW()),
(3, 0, 15500, '센시비오 순한 클렌징워터', '바이오더마', NULL, 58, NOW(), NOW()),
(3, 0, 9800, '여드름 포밍 워시', '아크네스', NULL, 44, NOW(), NOW()),
(3, 0, 16000, '에빠끌라 피지조절 폼', '라로슈포제', NULL, 37, NOW(), NOW()),
(3, 0, 7000, '탄산수 모공 폼클렌저', '식물나라', NULL, 82, NOW(), NOW()),
(3, 0, 19000, '마일드 필링 젤', '프리메라', NULL, 29, NOW(), NOW()),
(3, 0, 21000, '건성 보습 클렌징폼', '아벤느', NULL, 33, NOW(), NOW()),
(3, 0, 9500, '화산송이 모공 흡착 폼', '이니스프리', NULL, 99, NOW(), NOW());

-- product_image_dummy

INSERT INTO product_image (product_idx, product_image_url, product_image_level) VALUES
(1, 'C1_P1_COSRX_스네일92_보습장벽.jpg', 1),
(2, 'C1_P2_조선미녀_인삼토너_수분영양.jpg', 1),
(3, 'C1_P3_APLB_비피다크림_톤업미백.jpg', 1),
(4, 'C1_P4_우르오스_올인원_간편데일리.jpg', 1),
(5, 'C1_P5_비오템_아쿠아파워_수분폭탄.jpg', 1),
(6, 'C1_P6_포엘리에_저속노화_올인원_향기보습.jpg', 1),
(7, 'C1_P7_라네즈옴므 블루에너지_수분폭탄_생기.jpg', 1),
(8, 'C1_P8_라로슈포제_시카토너_진정민감.jpg', 1),
(9, 'C1_P9_스킨푸드_당근패드_진정쿨링.jpg', 1),
(10, 'C1_P10_더마비_데일리로션_바디페이스.jpg', 1),

(11, 'C2_P1_닥터지_그린마일드_무기자차.jpg', 1),
(12, 'C2_P2_라운드랩_자작나무_수분선크림.jpg', 1),
(13, 'C2_P3_듀이트리_안티폴루션_미세먼지차단.jpg', 1),
(14, 'C2_P4_유이크_레미디_마일드무기자차.jpg', 1),
(15, 'C2_P5_아이디얼포맨_베러톤_자연스러운톤업.jpg', 1),
(16, 'C2_P6_다슈_아쿠아_비비로션_수분생기.jpg', 1),
(17, 'C2_P7_오브제_커버파데_스틱간편.jpg', 1),
(18, 'C2_P8_비레디_블루쿠션_피부톤수정.jpg', 1),
(19, 'C2_P9_헤라옴므_블랙쿠션_보송밀착.jpg', 1),
(20, 'C2_P10_메이크프렘_카밍선크림_진정쿨링.jpg', 1),

(21, 'C3_P1_센카_퍼펙트휩_딥클렌징.jpg', 1),
(22, 'C3_P2_이니스프리_그린티폼_촉촉약산성.jpg', 1),
(23, 'C3_P3_해피바스_클렌징폼_블랙헤드.jpg', 1),
(24, 'C3_P4_바이오더마_클렌징워터_순한세정.jpg', 1),
(25, 'C3_P5_아크네스_포밍워시_여드름케어.jpg', 1),
(26, 'C3_P6_라로슈포제_에빠끌라_피지조절.jpg', 1),
(27, 'C3_P7_식물나라_탄산수_모공노폐물.jpg', 1),
(28, 'C3_P8_프리메라_마일드필링_각질제거.jpg', 1),
(29, 'C3_P9_아벤느_클렌징폼_건성보습.jpg', 1),
(30, 'C3_P10_이니스프리_화산송이_모공흡착.jpg', 1);

-- 상품 리스트 더미데이터 파일이름 --

C1_P1_COSRX_스네일92_보습장벽.jpg
C1_P2_조선미녀_인삼토너_수분영양.jpg
C1_P3_APLB_비피다크림_톤업미백.jpg
C1_P4_우르오스_올인원_간편데일리.jpg
C1_P5_비오템_아쿠아파워_수분폭탄.jpg
C1_P6_포엘리에_저속노화_올인원_향기보습.jpg
C1_P7_라네즈옴므 블루에너지_수분폭탄_생기.jpg
C1_P8_라로슈포제_시카토너_진정민감.jpg
C1_P9_스킨푸드_당근패드_진정쿨링.jpg
C1_P10_더마비_데일리로션_바디페이스.jpg
C2_P1_닥터지_그린마일드_무기자차.jpg
C2_P2_라운드랩_자작나무_수분선크림.jpg
C2_P3_듀이트리_안티폴루션_미세먼지차단.jpg
C2_P4_유이크_레미디_마일드무기자차.jpg
C2_P5_아이디얼포맨_베러톤_자연스러운톤업.jpg
C2_P6_다슈_아쿠아_비비로션_수분생기.jpg
C2_P7_오브제_커버파데_스틱간편.jpg
C2_P8_비레디_블루쿠션_피부톤수정.jpg
C2_P9_헤라옴므_블랙쿠션_보송밀착.jpg
C2_P10_메이크프렘_카밍선크림_진정쿨링.jpg
C3_P1_센카_퍼펙트휩_딥클렌징.jpg
C3_P2_이니스프리_그린티폼_촉촉약산성.jpg
C3_P3_해피바스_클렌징폼_블랙헤드.jpg
C3_P4_바이오더마_클렌징워터_순한세정.jpg
C3_P5_아크네스_포밍워시_여드름케어.jpg
C3_P6_라로슈포제_에빠끌라_피지조절.jpg
C3_P7_식물나라_탄산수_모공노폐물.jpg
C3_P8_프리메라_마일드필링_각질제거.jpg
C3_P9_아벤느_클렌징폼_건성보습.jpg
C3_P10_이니스프리_화산송이_모공흡착.jpg


--==상세페이지 dummy data ==

INSERT INTO product_image (product_idx, product_image_url, product_image_level) VALUES
-- C1 상세 이미지
(1, '01_C1_COSRX_detail_1.jpg', 2),
(2, '02_C1_조선미녀_detail_1.jpg', 2),
(3, '03_C1_APLB_detail_01.jpg', 2),
(4, '04_C1_우르오스_detail_1.jpg', 2),
(5, '05_C1_비오템_detail_1.jpg', 2),
(5, '05_C1_비오템_detail_2.jpg', 3),
(6, '06_C1_포엘리에_detail_01.jpg', 2),
(7, '07_C1_라네즈옴므_detail_1.jpg', 2),
(8, '08_C1_라로슈포제_detail_1.jpg', 2),
(9, '09_C1_스킨푸드_detail_1.jpg', 2),
(10, '10_C1_더마비_detail_1.jpg', 2),
(10, '10_C1_더마비_detail_2.jpg', 3),

-- C2 상세 이미지
(11, '01_C2_닥터지_detail_1.jpg', 2),
(11, '01_C2_닥터지_detail_2.jpg', 3),
(11, '01_C2_닥터지_detail_3.jpg', 4),
(11, '01_C2_닥터지_detail_4.jpg', 5),
(12, '02_C2_라운드랩_detail_1.jpg', 2),
(13, '03_C2_듀이트리_detail_1.jpg', 2),
(14, '04_C2_유이크_detail_1.jpg', 2),
(14, '04_C2_유이크_detail_2.jpg', 3),
(15, '05_C2_아이디얼포맨_detail_1.jpg', 2),
(15, '05_C2_아이디얼포맨_detail_2.jpg', 3),
(16, '06_C2_다슈_detail_1.jpg', 2),
(17, '07_C2_오브제_detail_1.jpg', 2),
(18, '08_C2_비레디_detail_1.jpg', 2),
(18, '08_C2_비레디_detail_2.jpg', 3),
(18, '08_C2_비레디_detail_3.jpg', 4),
(18, '08_C2_비레디_detail_4.jpg', 5),
(18, '08_C2_비레디_detail_5.jpg', 6),
(18, '08_C2_비레디_detail_6.jpg', 7),
(19, '09_C2_블랙쿠션_detail_1.jpg', 2),
(19, '09_C2_블랙쿠션_detail_2.jpg', 3),
(19, '09_C2_블랙쿠션_detail_3.jpg', 4),
(20, '10_C2_메이크프렘_detail_1.jpg', 2),
(20, '10_C2_메이크프렘_detail_2.jpg', 3),

-- C3 상세 이미지
(21, '01_C3_센카_detail_1.jpg', 2),
(21, '01_C3_센카_detail_2.jpg', 3),
(22, '02_C3_이니스프리_detail_1.jpg', 2),
(23, '03_C3_해피바스_detail_1.jpg', 2),
(24, '04_C3_바이오더마_detail_1.jpg', 2),
(25, '05_C3_아크네스_detail_1.jpg', 2),
(25, '05_C3_아크네스_detail_2.jpg', 3),
(26, '06_C3_라로슈포제_detail_1.jpg', 2),
(27, '07_C3_식물나라_detail_1.jpg', 2),
(28, '08_C3_프리메라_detail_1.jpg', 2),
(28, '08_C3_프리메라_detail_2.jpg', 3),
(28, '08_C3_프리메라_detail_3.jpg', 4),
(28, '08_C3_프리메라_detail_4.jpg', 5),
(28, '08_C3_프리메라_detail_5.jpg', 6),
(29, '09_C3_아벤느_detail_1.jpg', 2),
(30, '10_C3_이니스프리_detail_1.jpg', 2);



SET FOREIGN_KEY_CHECKS = 1;

SELECT * FROM product_image 
WHERE product_idx = #{id} 
ORDER BY product_image_level ASC;


SELECT * FROM product_image 
WHERE product_idx = 28
ORDER BY product_image_level ASC;
